,experiment,policy,Gain,Final Value,Initial Value,num_stocks,pct_variance,initial_budget,trading_fee,average_error,status,runtime,leftover_cash
0,20_103007_102124_7,Naive,0.005742231004950587,103598.48998912695,103007.0,20,0.00019568485133932513,103007,7,8.017038107649071,Complete,3.637532949447632,2.1699891269489626
1,20_103007_102124_7,DayTrading,0.01644985291475274,104701.44999918994,103007.0,20,0.00019568485133932513,103007,7,8.017038107649071,Complete,915.6011810302734,0.3699991899345165
2,20_103007_102124_7,Directional,0.010354927335035529,104073.63,103007.0,20,0.00019568485133932513,103007,7,8.017038107649071,Infeasible,62.30203914642334,11.919999999991738
3,20_105931_104738_9,Naive,-0.0716396525929817,98342.13996117286,105931.0,20,0.0002350733655326871,105931,9,8.476497741331544,Complete,3.5768818855285645,4.2399611728467335
4,20_105931_104738_9,DayTrading,-0.024021769019093666,103386.34998603839,105931.0,20,0.0002350733655326871,105931,9,8.476497741331544,Complete,529.7117352485657,1.5399860384060986
5,20_105931_104738_9,Directional,-0.07236210363349727,98265.61,105931.0,20,0.0002350733655326871,105931,9,8.476497741331544,Complete,28.855919361114502,0.5100000000059595
6,20_133900_133194_6,Naive,0.022062434590146618,136854.15999162063,133900.0,20,0.00028536623999062156,133900,6,7.4436193607055605,Complete,3.5540173053741455,0.5399916206238231
7,20_133900_133194_6,DayTrading,0.0667146377895196,142833.09000001667,133900.0,20,0.00028536623999062156,133900,6,7.4436193607055605,Complete,98.98542022705078,0.009996290323613266
8,20_133900_133194_6,Directional,0.02422233009708756,137143.37000000002,133900.0,20,0.00028536623999062156,133900,6,7.4436193607055605,Infeasible,24.62311029434204,5.620000000011679
9,20_136604_136414_8,Naive,0.04315555904268839,142499.2219874674,136604.0,20,0.00013260609244386616,136604,8,6.33688182006698,Complete,3.570206880569458,3.6699874674174
10,20_136604_136414_8,DayTrading,0.012683010746449746,138336.55000000802,136604.0,20,0.00013260609244386616,136604,8,6.33688182006698,Infeasible,140.63076663017273,28.649987710523856
11,20_136604_136414_8,Directional,0.04085272027173428,142184.645,136604.0,20,0.00013260609244386616,136604,8,6.33688182006698,Infeasible,34.651665687561035,20.899999999993895
12,20_175322_174598_4,Naive,-0.0030305381131865623,174790.6799969199,175322.0,20,0.0001710876479857784,175322,4,8.703723862210756,Complete,3.6205904483795166,1.3999969199468296
13,20_175322_174598_4,DayTrading,-0.10785680062969857,156412.33,175322.0,20,0.0001710876479857784,175322,4,8.703723862210756,Infeasible,79.10923504829407,16.77999999997733
14,20_175322_174598_4,Directional,-0.0023015936391325076,174918.48,175322.0,20,0.0001710876479857784,175322,4,8.703723862210756,Infeasible,13.618851900100708,3835.7399999999966
15,20_189842_189531_7,Naive,0.03454225089434763,196399.56999428474,189842.0,20,0.00012945619110612297,189842,7,8.595356924772862,Complete,3.6262190341949463,0.3699942847217699
16,20_189842_189531_7,DayTrading,0.09694577596069705,208246.37999993065,189842.0,20,0.00012945619110612297,189842,7,8.595356924772862,Complete,64.96467208862305,4.34999993060438
17,20_189842_189531_7,Directional,0.03431390314050632,196356.22,189842.0,20,0.00012945619110612297,189842,7,8.595356924772862,Infeasible,23.83085584640503,925.7900000000018
18,20_202585_202461_9,Naive,0.0030219414073104256,203197.19999999998,202585.0,20,0.0002550922917863634,202585,9,8.620905752888229,Complete,3.697924852371216,2.859999999990123
19,20_202585_202461_9,DayTrading,-0.03580580991777415,195331.27999780772,202585.0,20,0.0002550922917863634,202585,9,8.620905752888229,Infeasible,80.64238452911377,1.0999936339717693
20,20_202585_202461_9,Directional,0.007535898511735688,204111.65999999997,202585.0,20,0.0002550922917863634,202585,9,8.620905752888229,Infeasible,8.214866876602173,19206.989999999987
21,20_297453_296932_8,Naive,0.00805592814011314,299849.2599930611,297453.0,20,0.0003321573305460992,297453,8,9.860025151231701,Complete,3.6599717140197754,4.979993061123878
22,20_297453_296932_8,DayTrading,-0.09865928398772224,268106.50000000006,297453.0,20,0.0003321573305460992,297453,8,9.860025151231701,Infeasible,79.29182600975037,3.0000000000582077
23,20_297453_296932_8,Directional,0.008438038950691706,299962.9200000001,297453.0,20,0.0003321573305460992,297453,8,9.860025151231701,Infeasible,17.66040849685669,47.38000000003387
24,20_325998_325057_5,Naive,0.009317511150375307,329035.49000000005,325998.0,20,0.00019774267257094253,325998,5,8.563938361313856,Complete,3.7067198753356934,2.840000000006171
25,20_325998_325057_5,DayTrading,0.017880140368959362,331826.89,325998.0,20,0.00019774267257094253,325998,5,8.563938361313856,Complete,67.35701060295105,0.4699999999884312
26,20_325998_325057_5,Directional,0.007759694844753706,328527.645,325998.0,20,0.00019774267257094253,325998,5,8.563938361313856,Infeasible,13.12253737449646,1.210000000004797
27,20_341573_341432_5,Naive,0.009837048010235022,344933.07,341573.0,20,0.00016942457136676328,341573,5,5.242351163902916,Complete,3.7927448749542236,0.28999999996506176
28,20_341573_341432_5,DayTrading,-0.03818384357077389,328530.43000000005,341573.0,20,0.00016942457136676328,341573,5,5.242351163902916,Infeasible,86.69064784049988,0.6499999981878446
29,20_341573_341432_5,Directional,0.010132241131471062,345033.89999999997,341573.0,20,0.00016942457136676328,341573,5,5.242351163902916,Infeasible,38.0708122253418,1268.6199999999626
30,20_344413_342723_9,Naive,0.03652237281890656,356991.77998967806,344413.0,20,0.00022593391248032805,344413,9,9.004332116482034,Complete,3.7832508087158203,1.1299896780947165
31,20_344413_342723_9,DayTrading,0.034789975988130176,356395.1199999999,344413.0,20,0.00022593391248032805,344413,9,9.004332116482034,Complete,66.62342929840088,4.670000007987234
32,20_344413_342723_9,Directional,0.030759349966464802,355006.92000000004,344413.0,20,0.00022593391248032805,344413,9,9.004332116482034,Infeasible,9.242648124694824,16922.15
33,20_347491_347281_5,Naive,0.0485867259871479,364374.45,347491.0,20,0.0002868316317949674,347491,5,8.627440167501874,Complete,3.8612654209136963,0.41999999998733983
34,20_347491_347281_5,DayTrading,0.0418164211446329,362021.82999996963,347491.0,20,0.0002868316317949674,347491,5,8.627440167501874,Infeasible,71.12402987480164,0.02999996962488538
35,20_347491_347281_5,Directional,0.04863397900952829,364390.87,347491.0,20,0.0002868316317949674,347491,5,8.627440167501874,Infeasible,12.861024618148804,2782.709999999988
36,21_107689_107522_4,Naive,0.030088124063498194,110929.15999227406,107689.0,21,0.0002454480316677595,107689,4,9.639358401874407,Complete,3.878032684326172,4.989992274052554
37,21_107689_107522_4,DayTrading,0.17642470447176792,126687.99999986021,107689.0,21,0.0002454480316677595,107689,4,9.639358401874407,Complete,419.7161102294922,0.6599994000497276
38,21_107689_107522_4,Directional,0.031249616952520733,111054.24,107689.0,21,0.0002454480316677595,107689,4,9.639358401874407,Complete,28.67371964454651,8.24000000000514
39,21_138440_136255_2,Naive,0.010830901458013692,139939.42999784742,138440.0,21,0.00032017176981961876,138440,2,9.04050999245999,Complete,3.9008076190948486,1.7899978474397358
40,21_138440_136255_2,DayTrading,0.0586813059796221,146563.83999981888,138440.0,21,0.00032017176981961876,138440,2,9.04050999245999,Complete,78.84975814819336,0.7699998188436474
41,21_138440_136255_2,Directional,0.018035033227391063,140936.77000000002,138440.0,21,0.00032017176981961876,138440,2,9.04050999245999,Infeasible,49.68067955970764,7295.309999999997
42,21_140540_139681_4,Naive,0.034112992690435794,145334.23999271385,140540.0,21,0.00047163645532444785,140540,4,8.856698103549453,Complete,3.8905017375946045,0.34999271383048836
43,21_140540_139681_4,DayTrading,0.1833374839885883,166306.2499997562,140540.0,21,0.00047163645532444785,140540,4,8.856698103549453,Complete,190.2680561542511,0.4799997561770555
44,21_140540_139681_4,Directional,0.03137064181016092,144948.83000000002,140540.0,21,0.00047163645532444785,140540,4,8.856698103549453,Infeasible,26.98095679283142,53.110000000014004
45,21_152040_151644_3,Naive,0.047171796873491434,159211.99999664564,152040.0,21,0.00016268148580485237,152040,3,9.814245321734463,Complete,3.92476749420166,0.7199966456314542
46,21_152040_151644_3,DayTrading,0.14106498289552205,173487.51999943517,152040.0,21,0.00016268148580485237,152040,3,9.814245321734463,Complete,114.17390131950378,1.3399991315474842
47,21_152040_151644_3,Directional,0.04692876874506701,159175.05,152040.0,21,0.00016268148580485237,152040,3,9.814245321734463,Infeasible,36.46574139595032,233.2200000000115
48,21_171730_171523_9,Naive,0.0429998834935563,179114.36999234842,171730.0,21,0.0002039593175157927,171730,9,8.192673400295257,Complete,3.9590566158294678,1.2299923484426358
49,21_171730_171523_9,DayTrading,0.1918974553077503,204684.54999999996,171730.0,21,0.0002039593175157927,171730,9,8.192673400295257,Complete,146.80240082740784,1.8599999999805732
50,21_171730_171523_9,Directional,0.044660280673149595,179399.50999999998,171730.0,21,0.0002039593175157927,171730,9,8.192673400295257,Infeasible,38.49592566490173,0.10999999998833232
51,21_19266_18894_2,Naive,-0.039407765766637605,18506.76998473996,19266.0,21,0.00017988166314217223,19266,2,5.943250406758759,Complete,4.0171144008636475,1.989984739959823
52,21_19266_18894_2,DayTrading,-0.08902678293366584,17550.809999999994,19266.0,21,0.00017988166314217223,19266,2,5.943250406758759,Infeasible,3204.817276954651,3.779999999995198
53,21_19266_18894_2,Directional,-0.029762275511263443,18692.6,19266.0,21,0.00017988166314217223,19266,2,5.943250406758759,Infeasible,1008.6938309669495,44.43000000000143
54,21_19568_18843_5,Naive,-0.02750562159248503,19029.769996678253,19568.0,21,0.0008526340702008097,19568,5,9.380656384282931,Complete,4.000857830047607,0.7999966782506363
55,21_19568_18843_5,DayTrading,0.029220155355682873,20139.780000000002,19568.0,21,0.0008526340702008097,19568,5,9.380656384282931,Complete,2496.189993619919,0.7199999999997431
56,21_19568_18843_5,Directional,-0.02157961978740785,19145.730000000003,19568.0,21,0.0008526340702008097,19568,5,9.380656384282931,Infeasible,680.2564790248871,7.040000000000152
57,21_215013_213542_6,Naive,0.006975438675585761,216512.80999595372,215013.0,21,0.00016033028996380997,215013,6,8.14368495807717,Complete,4.051174163818359,3.619995953723219
58,21_215013_213542_6,DayTrading,-0.053689404826818825,203469.0799999712,215013.0,21,0.00016033028996380997,215013,6,8.14368495807717,Infeasible,180.38594579696655,18.229999971230093
59,21_215013_213542_6,Directional,0.004675996335105157,216018.39999999997,215013.0,21,0.00016033028996380997,215013,6,8.14368495807717,Infeasible,27.922778367996216,4764.98999999999
60,21_239452_236795_7,Naive,-0.00540580161372613,238157.56999199005,239452.0,21,0.00038662548202504567,239452,7,8.647652922082507,Complete,4.032185077667236,8.899991990044782
61,21_239452_236795_7,DayTrading,-0.045640003006865784,228523.40999999997,239452.0,21,0.00038662548202504567,239452,7,8.647652922082507,Infeasible,76.15536975860596,0.36999999996623956
62,21_239452_236795_7,Directional,-0.0034108297278788217,238635.26999999996,239452.0,21,0.00038662548202504567,239452,7,8.647652922082507,Complete,25.506012439727783,6.0000000000045475
63,21_240644_239139_5,Naive,0.0006853277039943353,240808.92,240644.0,21,0.00023933218656737202,240644,5,7.336849631978883,Complete,4.0463433265686035,1.2999999999974534
64,21_240644_239139_5,DayTrading,0.04732222654448264,252031.80988457048,240644.0,21,0.00023933218656737202,240644,5,7.336849631978883,Complete,132.16980123519897,0.17988559272305693
65,21_240644_239139_5,Directional,0.0023795731453932142,241216.63,240644.0,21,0.00023933218656737202,240644,5,7.336849631978883,Infeasible,14.531670331954956,3267.739999999999
66,21_247044_245749_7,Naive,0.0008846197277937078,247262.53999603307,247044.0,21,0.00018858343039716933,247044,7,7.353211477076866,Complete,4.099797964096069,2.3199960330928207
67,21_247044_245749_7,DayTrading,-0.014273773095590666,243517.7499993729,247044.0,21,0.00018858343039716933,247044,7,7.353211477076866,Infeasible,104.13127589225769,0.29999931627794346
68,21_247044_245749_7,Directional,0.003752529913699617,247971.04,247044.0,21,0.00018858343039716933,247044,7,7.353211477076866,Infeasible,59.50425124168396,6.309999999996521
69,21_268762_268274_2,Naive,0.023887640365825406,275182.08999999997,268762.0,21,9.345343532503557e-05,268762,2,5.024403788850213,Complete,4.068774938583374,0.750000000015234
70,21_268762_268274_2,DayTrading,0.0769147052038611,289433.7500000001,268762.0,21,9.345343532503557e-05,268762,2,5.024403788850213,Complete,128.90879273414612,0.11000000021158485
71,21_268762_268274_2,Directional,0.025274741220857384,275554.8900000001,268762.0,21,9.345343532503557e-05,268762,2,5.024403788850213,Infeasible,13.993986129760742,3.470000000016661
72,21_302607_302524_5,Naive,-0.019255701289130893,296780.08999999997,302607.0,21,0.000317478502489583,302607,5,9.502590523218071,Complete,4.149751424789429,0.30999999995401595
73,21_302607_302524_5,DayTrading,-0.04516273588575453,288940.4399818195,302607.0,21,0.000317478502489583,302607,5,9.502590523218071,Infeasible,110.38078260421753,18.13996825247919
74,21_302607_302524_5,Directional,-0.01693093682565189,297483.57999999996,302607.0,21,0.000317478502489583,302607,5,9.502590523218071,Infeasible,28.12207293510437,25.37999999994591
75,21_333363_332427_2,Naive,-0.012612197514421223,329158.56,333363.0,21,0.00012132935694885263,333363,2,6.946817817531598,Complete,4.199652194976807,0.470000000030268
76,21_333363_332427_2,DayTrading,0.044052309344452374,348048.4099999947,333363.0,21,0.00012132935694885263,333363,2,6.946817817531598,Complete,51.83058476448059,0.7999999946313707
77,21_333363_332427_2,Directional,-0.011357439187911997,329576.8500000001,333363.0,21,0.00012132935694885263,333363,2,6.946817817531598,Infeasible,12.741039752960205,9.560000000030243
78,21_39452_39134_5,Naive,0.05074267453980637,41453.89999594444,39452.0,21,0.0001625664773453593,39452,5,7.2655370007964075,Complete,4.0830018520355225,1.2799959444435558
79,21_39452_39134_5,DayTrading,0.04883098448747854,41378.48,39452.0,21,0.0001625664773453593,39452,5,7.2655370007964075,Complete,3940.6056497097015,3.819999999996071
80,21_39452_39134_5,Directional,0.045180725945452735,41234.47,39452.0,21,0.0001625664773453593,39452,5,7.2655370007964075,Infeasible,84.5709376335144,6512.570000000005
81,21_67076_66820_7,Naive,-0.010618701345928587,66363.7399885205,67076.0,21,0.00014375927450398007,67076,7,9.197861331713312,Complete,4.223198890686035,1.7699885204899317
82,21_67076_66820_7,DayTrading,-0.16009899218796572,56337.20000000001,67076.0,21,0.00014375927450398007,67076,7,9.197861331713312,Infeasible,1377.9073414802551,6.2000000000116415
83,21_67076_66820_7,Directional,-0.021572395491681155,65629.01,67076.0,21,0.00014375927450398007,67076,7,9.197861331713312,Infeasible,273.31310868263245,5474.240000000003
84,21_67416_67360_4,Naive,-0.013871781402208207,66480.81998498873,67416.0,21,0.0003736376866161644,67416,4,6.295780261931468,Complete,4.349176645278931,3.6299849887245514
85,21_67416_67360_4,DayTrading,-0.10865803370119854,60090.71,67416.0,21,0.0003736376866161644,67416,4,6.295780261931468,Infeasible,174.02305722236633,3.4100000000034925
86,21_67416_67360_4,Directional,-0.010975732763735646,66676.06,67416.0,21,0.0003736376866161644,67416,4,6.295780261931468,Infeasible,25.75789475440979,90.83999999999781
87,21_93324_93014_4,Naive,0.0183860527927184,95039.85999082765,93324.0,21,0.00010011188984738807,93324,4,4.41600553310762,Complete,4.299863815307617,11.66999082765625
88,21_93324_93014_4,DayTrading,0.023522030772617393,95519.16999982375,93324.0,21,0.00010011188984738807,93324,4,4.41600553310762,Complete,861.6111125946045,0.3099928034755841
89,21_93324_93014_4,Directional,0.01879034332004641,95077.59000000001,93324.0,21,0.00010011188984738807,93324,4,4.41600553310762,Infeasible,46.72015118598938,499.37000000000575
90,22_159149_158404_9,Naive,0.004273982166303203,159829.199987785,159149.0,22,0.00017917646083579302,159149,9,8.519144372910151,Complete,4.271252632141113,0.5999877850188113
91,22_159149_158404_9,DayTrading,-0.008263953904831213,157833.80000000002,159149.0,22,0.00017917646083579302,159149,9,8.519144372910151,Infeasible,288.0265555381775,1.0
92,22_159149_158404_9,Directional,0.004071907457790995,159797.03999999998,159149.0,22,0.00017917646083579302,159149,9,8.519144372910151,Infeasible,28.438740968704224,2717.2299999999877
93,22_162688_162447_9,Naive,0.026457698116325035,166992.3499911487,162688.0,22,0.0001797603755625896,162688,9,5.709706751391314,Complete,4.259381532669067,17.409991148696747
94,22_162688_162447_9,DayTrading,0.12622141768292733,183222.71000000008,162688.0,22,0.0001797603755625896,162688,9,5.709706751391314,Complete,136.87459921836853,0.14000000005762558
95,22_162688_162447_9,Directional,0.029505126376868456,167488.12999999998,162688.0,22,0.0001797603755625896,162688,9,5.709706751391314,Infeasible,101.84182143211365,4811.889999999995
96,22_24222_24172_5,Naive,0.010615142414500662,24479.119979564035,24222.0,22,0.00024157786685587,24222,5,9.715486336408114,Complete,4.274956226348877,5.869979564034878
97,22_24222_24172_5,DayTrading,-0.010424820411196817,23969.48999999999,24222.0,22,0.00024157786685587,24222,5,9.715486336408114,Infeasible,765.212815284729,16.119999999993453
98,22_24222_24172_5,Directional,-0.006345883907191773,24068.29,24222.0,22,0.00024157786685587,24222,5,9.715486336408114,Infeasible,78.01875901222229,1352.7099999999998
99,22_243160_242992_5,Naive,0.006915117618029204,244841.47999999998,243160.0,22,0.00017676514841639395,243160,5,7.132582574084529,Complete,4.388003587722778,2.33000000001266
100,22_243160_242992_5,DayTrading,-0.15511498602672663,205442.23999774116,243160.0,22,0.00017676514841639395,243160,5,7.132582574084529,Infeasible,86.07522654533386,2.139995159845883
101,22_243160_242992_5,Directional,0.0023324148708668948,243727.15,243160.0,22,0.00017676514841639395,243160,5,7.132582574084529,Infeasible,78.6091980934143,3939.420000000014
102,22_310802_309316_5,Naive,-0.01755043405355699,305347.2899952864,310802.0,22,0.0005607934533501134,310802,5,7.632240370834692,Complete,4.400882244110107,3.809995286411322
103,22_310802_309316_5,DayTrading,0.05952291169298327,329301.8400000026,310802.0,22,0.0005607934533501134,310802,5,7.632240370834692,Complete,123.96568250656128,0.13999888138339145
104,22_310802_309316_5,Directional,-0.017223569989897276,305448.87999999995,310802.0,22,0.0005607934533501134,310802,5,7.632240370834692,Infeasible,165.20941996574402,190.93000000001962
105,22_316055_315216_5,Naive,0.08423461105031411,342677.769995507,316055.0,22,0.0007544090500243638,316055,5,8.424637848561732,Complete,4.276109457015991,1.2099955070799524
106,22_316055_315216_5,DayTrading,0.15101289332463724,363783.3799997182,316055.0,22,0.0007544090500243638,316055,5,8.424637848561732,Complete,80.0124580860138,0.059983942062530105
107,22_316055_315216_5,Directional,0.08682001550363058,343494.89999999997,316055.0,22,0.0007544090500243638,316055,5,8.424637848561732,Infeasible,24.329999208450317,10.139999999970598
108,22_348740_348442_9,Naive,0.017848655145842857,354964.53999556124,348740.0,22,0.00040310623055523037,348740,9,9.12253771794853,Complete,4.449732780456543,1.8399955611977248
109,22_348740_348442_9,DayTrading,-0.1430725468830649,298844.87999999995,348740.0,22,0.00040310623055523037,348740,9,9.12253771794853,Infeasible,116.4852945804596,3.919999999925494
110,22_348740_348442_9,Directional,0.01857862591042033,355219.11,348740.0,22,0.00040310623055523037,348740,9,9.12253771794853,Infeasible,34.68154716491699,958.5300000000348
111,22_88313_88083_8,Naive,0.07915165355124257,95303.11998007089,88313.0,22,0.00022628046624307538,88313,8,9.960531366463746,Complete,4.476808071136475,6.3099800708798455
112,22_88313_88083_8,DayTrading,-0.0745624087162421,81728.16999904251,88313.0,22,0.00022628046624307538,88313,8,9.960531366463746,Infeasible,83.0372154712677,17.60999904251018
113,22_88313_88083_8,Directional,0.06318492181219076,93893.05,88313.0,22,0.00022628046624307538,88313,8,9.960531366463746,Infeasible,89.66738986968994,9343.839999999995
114,22_90729_89679_6,Naive,-0.0044058682126088804,90329.25998293821,90729.0,22,0.00024346555793142938,90729,6,8.161529917329206,Complete,4.5205864906311035,17.659982938199846
115,22_90729_89679_6,DayTrading,0.12951272467757421,102479.55999727163,90729.0,22,0.00024346555793142938,90729,6,8.161529917329206,Complete,128.58710265159607,3.459996603845113
116,22_90729_89679_6,Directional,0.006580696359488281,91326.06000000001,90729.0,22,0.00024346555793142938,90729,6,8.161529917329206,Infeasible,819.6007513999939,32.46000000000345
117,22_94592_93694_9,Naive,-0.0013269622326686373,94466.47998848741,94592.0,22,0.00045301495330121684,94592,9,6.709920416872429,Complete,4.480097055435181,54.3899884874121
118,22_94592_93694_9,DayTrading,0.006328653562340519,95190.63999776891,94592.0,22,0.00045301495330121684,94592,9,6.709920416872429,Complete,263.625205039978,1.439998264657211
119,22_94592_93694_9,Directional,-0.0005381004736127752,94541.10000000002,94592.0,22,0.00045301495330121684,94592,9,6.709920416872429,Infeasible,282.92589497566223,9.060000000009353
120,23_100305_99663_5,Naive,-0.02486162205273881,97811.25500000003,100305.0,23,0.00015049747193624335,100305,5,6.9019656282820625,Complete,4.592414617538452,0.12000000002240085
121,23_100305_99663_5,DayTrading,-0.017301231244703452,98569.60000000002,100305.0,23,0.00015049747193624335,100305,5,6.9019656282820625,Complete,75.21708822250366,0.1400000000210646
122,23_100305_99663_5,Directional,-0.02471073226658677,97826.39000000001,100305.0,23,0.00015049747193624335,100305,5,6.9019656282820625,Infeasible,21.723323345184326,11.850000000022014
123,23_126522_126247_8,Naive,-0.0029032106482761253,126154.67998235881,126522.0,23,0.0001908625659047747,126522,8,6.085130120574778,Complete,4.607301950454712,6.229982358796747
124,23_126522_126247_8,DayTrading,-0.07963674301702485,116446.19999999998,126522.0,23,0.0001908625659047747,126522,8,6.085130120574778,Infeasible,249.1954333782196,11.15999999998894
125,23_126522_126247_8,Directional,-0.01292850255291574,124886.26,126522.0,23,0.0001908625659047747,126522,8,6.085130120574778,Infeasible,507.88244891166687,1341.6699999999992
126,23_156770_155099_4,Naive,-0.050106079004182735,148914.86999451427,156770.0,23,0.00036082175698136756,156770,4,7.151557214916768,Complete,4.588099479675293,0.019994514277868802
127,23_156770_155099_4,DayTrading,0.05638310901255536,165609.1799998983,156770.0,23,0.00036082175698136756,156770,4,7.151557214916768,Complete,91.07274317741394,0.03999963239597548
128,23_156770_155099_4,Directional,-0.04936531224086223,149031.00000000003,156770.0,23,0.00036082175698136756,156770,4,7.151557214916768,Infeasible,45.002432346343994,1742.8000000000216
129,23_170213_167539_2,Naive,-0.0008194438732645648,170073.52000000002,170213.0,23,0.00015325693081904836,170213,2,8.690184860169545,Complete,4.6121978759765625,0.010000000006129994
130,23_170213_167539_2,DayTrading,-0.04386680218314724,162746.29999999996,170213.0,23,0.00015325693081904836,170213,2,8.690184860169545,Infeasible,250.55100464820862,5.059999999968568
131,23_170213_167539_2,Directional,-0.030984766145946602,164938.99,170213.0,23,0.00015325693081904836,170213,2,8.690184860169545,Infeasible,666.2360179424286,1.0600000000027983
132,23_187174_186806_9,Naive,0.030785418859531243,192936.2299896139,187174.0,23,0.00021561373485343515,187174,9,7.402889360312817,Complete,4.654569625854492,11.149989613918706
133,23_187174_186806_9,DayTrading,0.028537403699231377,192515.45999999993,187174.0,23,0.00021561373485343515,187174,9,7.402889360312817,Complete,181.18755221366882,0.39999999999235314
134,23_187174_186806_9,Directional,0.029201598512613926,192639.78,187174.0,23,0.00021561373485343515,187174,9,7.402889360312817,Infeasible,16.143184423446655,821.8799999999757
135,23_201820_201356_9,Naive,-0.037888613673985216,194173.3199883163,201820.0,23,0.00017282247196387263,201820,9,5.637252835866556,Complete,4.690690040588379,5.839988316298729
136,23_201820_201356_9,DayTrading,0.010188385690218724,203876.21999999994,201820.0,23,0.00017282247196387263,201820,9,5.637252835866556,Complete,208.98792266845703,0.379999999942811
137,23_201820_201356_9,Directional,-0.03499851352690528,194756.59999999998,201820.0,23,0.00017282247196387263,201820,9,5.637252835866556,Infeasible,52.91968369483948,42.029999999976155
138,23_210308_210183_9,Naive,0.029546569740579592,216521.8799890018,210308.0,23,0.0007759844896653425,210308,9,9.16880983419709,Complete,4.71474289894104,2.649989001827265
139,23_210308_210183_9,DayTrading,0.38622520302389046,291534.24999754835,210308.0,23,0.0007759844896653425,210308,9,9.16880983419709,Complete,131.72116088867188,0.07997446655055107
140,23_210308_210183_9,Directional,0.03098874032371566,216825.18,210308.0,23,0.0007759844896653425,210308,9,9.16880983419709,Infeasible,16.461627960205078,0.009999999980209395
141,23_232597_230867_9,Naive,-0.0034818162139671305,231787.1399940799,232597.0,23,0.0002478915963581769,232597,9,9.95696315263813,Complete,4.792317867279053,3.299994079902717
142,23_232597_230867_9,DayTrading,-0.0499444106541111,220980.07991508572,232597.0,23,0.0002478915963581769,232597,9,9.95696315263813,Infeasible,113.19025182723999,36.439915085711036
143,23_232597_230867_9,Directional,-0.009800126398878542,230317.52000000005,232597.0,23,0.0002478915963581769,232597,9,9.95696315263813,Infeasible,71.32168197631836,11037.50000000002
144,23_250540_249548_8,Naive,-0.055574838375292805,236616.27999345414,250540.0,23,0.00020133831558789562,250540,8,9.466097518354339,Complete,4.729180812835693,1.9699934541342827
145,23_250540_249548_8,DayTrading,-0.2174314281152712,196064.72999999995,250540.0,23,0.00020133831558789562,250540,8,9.466097518354339,Infeasible,158.863867521286,22.61999999996624
146,23_250540_249548_8,Directional,-0.057468787419174626,236141.77,250540.0,23,0.00020133831558789562,250540,8,9.466097518354339,Infeasible,169.73693084716797,5.77999999999588
147,23_251474_250410_7,Naive,-0.005247341715887716,250154.42998933885,251474.0,23,0.00021041383686455813,251474,7,8.06253265647611,Complete,4.794475078582764,0.15998933885748556
148,23_251474_250410_7,DayTrading,-0.12487620986662647,220070.87999999998,251474.0,23,0.00021041383686455813,251474,7,8.06253265647611,Infeasible,105.47700595855713,2.7599999999802094
149,23_251474_250410_7,Directional,-0.004419264019341909,250362.67,251474.0,23,0.00021041383686455813,251474,7,8.06253265647611,Infeasible,58.05418801307678,485.7000000000018
150,23_296293_295911_5,Naive,0.03179187492367316,305712.7099967599,296293.0,23,0.0003083933471359385,296293,5,8.947590914632428,Complete,4.871929407119751,13.229996759931964
151,23_296293_295911_5,DayTrading,0.11487638924956561,330330.06999992154,296293.0,23,0.0003083933471359385,296293,5,8.947590914632428,Complete,76.95494222640991,0.019999921619740846
152,23_296293_295911_5,Directional,0.03530947406789905,306754.95,296293.0,23,0.0003083933471359385,296293,5,8.947590914632428,Infeasible,18.618385076522827,16159.519999999968
153,23_299654_299627_8,Naive,0.019290748648401617,305434.54999548814,299654.0,23,0.0002521517679678289,299654,8,8.343280626520146,Complete,4.829895257949829,11.0899954881166
154,23_299654_299627_8,DayTrading,0.03353297469739287,309702.28999997256,299654.0,23,0.0002521517679678289,299654,8,8.343280626520146,Complete,103.77647066116333,1.4099999724915797
155,23_299654_299627_8,Directional,0.01718021451407288,304802.12,299654.0,23,0.0002521517679678289,299654,8,8.343280626520146,Infeasible,75.09471726417542,2710.849999999988
156,23_305603_305393_2,Naive,0.06033851107030756,324042.6299986192,305603.0,23,0.00018930882670545722,305603,2,5.6227450528451035,Complete,4.88281512260437,0.3099986191750759
157,23_305603_305393_2,DayTrading,0.014998543862461817,310186.5999999999,305603.0,23,0.00018930882670545722,305603,2,5.6227450528451035,Infeasible,81.85492897033691,3.3999999999650754
158,23_305603_305393_2,Directional,0.06089125433978085,324211.55000000005,305603.0,23,0.00018930882670545722,305603,2,5.6227450528451035,Infeasible,13.709026575088501,33.04000000005116
159,23_34406_33770_7,Naive,0.005400510497944808,34591.80996419229,34406.0,23,0.0001733243231995372,34406,7,7.126591189829267,Complete,4.8923962116241455,2.749964192290804
160,23_34406_33770_7,DayTrading,0.06252485030027442,36557.22999943124,34406.0,23,0.0001733243231995372,34406,7,7.126591189829267,Complete,3447.2576127052307,0.3199993118791138
161,23_34406_33770_7,Directional,-0.003509271638667615,34285.26,34406.0,23,0.0001733243231995372,34406,7,7.126591189829267,Infeasible,1533.4551222324371,331.48999999999944
162,23_38382_37742_2,Naive,-0.02482986856107703,37428.97998488874,38382.0,23,0.00023163818256710626,38382,2,8.179423655959566,Complete,4.849042654037476,1.9899848887447433
163,23_38382_37742_2,DayTrading,-0.08358892189046963,35173.689999999995,38382.0,23,0.00023163818256710626,38382,2,8.179423655959566,Infeasible,1230.4036428928375,1.1299999999912682
164,23_38382_37742_2,Directional,-0.020360846230003785,37600.509999999995,38382.0,23,0.00023163818256710626,38382,2,8.179423655959566,Infeasible,380.8762593269348,3055.3499999999935
165,23_58129_57805_7,Naive,0.005905141607764645,58472.25997651775,58129.0,23,0.0001847581123608538,58129,7,7.952320205644693,Complete,4.920144081115723,7.7199765177485915
166,23_58129_57805_7,DayTrading,0.06574910973868466,61950.93,58129.0,23,0.0001847581123608538,58129,7,7.952320205644693,Complete,1194.7386016845703,0.1400000000064665
167,23_58129_57805_7,Directional,0.00412651172392442,58368.87,58129.0,23,0.0001847581123608538,58129,7,7.952320205644693,Infeasible,605.9510629177094,4961.970000000002
168,23_93861_91489_9,Naive,0.031614514954135274,96828.36998811009,93861.0,23,0.00021542966836927312,93861,9,9.157031714462041,Complete,4.92282772064209,0.6699881100817038
169,23_93861_91489_9,DayTrading,-0.03674518706335358,90412.05999704657,93861.0,23,0.00021542966836927312,93861,9,9.157031714462041,Infeasible,1177.6456716060638,6.159996781563925
170,23_93861_91489_9,Directional,0.02453873280702326,96164.23000000001,93861.0,23,0.00021542966836927312,93861,9,9.157031714462041,Infeasible,237.65800714492798,9168.589999999998
171,24_112327_111935_2,Naive,0.014912710178543998,114002.09999622531,112327.0,24,0.00021176633906863618,112327,2,6.016094560470617,Complete,4.9036781787872314,0.06999622531225214
172,24_112327_111935_2,DayTrading,0.08469237137820779,121840.23999979995,112327.0,24,0.00021176633906863618,112327,2,6.016094560470617,Complete,93.09596872329712,0.36999984722250856
173,24_112327_111935_2,Directional,0.01564632724100176,114084.505,112327.0,24,0.00021176633906863618,112327,2,6.016094560470617,Infeasible,70.48100852966309,6.335000000006779
174,24_112936_112279_2,Naive,0.049540536194179384,118530.90999562584,112936.0,24,0.000490215108384359,112936,2,9.212663527774998,Complete,5.0484092235565186,1.1299956258374095
175,24_112936_112279_2,DayTrading,-0.04806598427427915,107507.62000000001,112936.0,24,0.000490215108384359,112936,2,9.212663527774998,Infeasible,118.88997316360474,7.460000000006403
176,24_112936_112279_2,Directional,0.05702043635333277,119375.65999999999,112936.0,24,0.000490215108384359,112936,2,9.212663527774998,Infeasible,85.36214113235474,10174.089999999997
177,24_114277_113619_4,Naive,0.03322663347261047,118074.0399933495,114277.0,24,0.00012475184431563326,114277,4,9.229089510378902,Complete,5.0280280113220215,8.249993349492001
178,24_114277_113619_4,DayTrading,-0.03916684897223409,109801.13,114277.0,24,0.00012475184431563326,114277,4,9.229089510378902,Infeasible,152.41591835021973,0.4499999999970896
179,24_114277_113619_4,Directional,0.02953533956964224,117652.21,114277.0,24,0.00012475184431563326,114277,4,9.229089510378902,Infeasible,19.588046550750732,1667.4199999999996
180,24_164410_163754_4,Naive,0.019898363811410132,167681.48999423394,164410.0,24,0.0002375329808953729,164410,4,8.163648670689014,Complete,5.084731578826904,7.089994233921743
181,24_164410_163754_4,DayTrading,0.008673985766401318,165836.08999985404,164410.0,24,0.0002375329808953729,164410,4,8.163648670689014,Complete,461.5055019855499,1.2599998540524222
182,24_164410_163754_4,Directional,0.01982026640715299,167668.65000000002,164410.0,24,0.0002375329808953729,164410,4,8.163648670689014,Infeasible,72.34132981300354,12.789999999995018
183,24_165315_164807_4,Naive,0.005018479837803332,166144.62999438646,165315.0,24,9.269575116886713e-05,165315,4,5.768769890513513,Complete,5.051483392715454,6.509994386475569
184,24_165315_164807_4,DayTrading,-0.055158515561201334,156196.47,165315.0,24,9.269575116886713e-05,165315,4,5.768769890513513,Infeasible,77.27853155136108,7.410000000013832
185,24_165315_164807_4,Directional,0.003682847896440228,165923.83000000002,165315.0,24,9.269575116886713e-05,165315,4,5.768769890513513,Infeasible,31.78170657157898,7412.499999999998
186,24_187994_187857_5,Naive,-0.06297280768651313,176155.48999178165,187994.0,24,0.0008051239935656845,187994,5,8.95427376724811,Complete,5.09954571723938,1.049991781635697
187,24_187994_187857_5,DayTrading,0.4748949434556417,277271.3999999999,187994.0,24,0.0008051239935656845,187994,5,8.95427376724811,Complete,123.95588159561157,1.939999999927057
188,24_187994_187857_5,Directional,-0.055989659244444136,177468.27999999997,187994.0,24,0.0008051239935656845,187994,5,8.95427376724811,Infeasible,58.89268112182617,8.029999999983655
189,24_202122_201984_3,Naive,0.031039520685526654,208395.77000000002,202122.0,24,0.00019678179008066868,202122,3,9.308471597382063,Complete,5.142511367797852,2.780000000028025
190,24_202122_201984_3,DayTrading,0.13217329127422306,228837.1299789285,202122.0,24,0.00019678179008066868,202122,3,9.308471597382063,Complete,96.88213062286377,2.9699785630553635
191,24_202122_201984_3,Directional,0.03432040055016304,209058.90800000005,202122.0,24,0.00019678179008066868,202122,3,9.308471597382063,Infeasible,50.494322538375854,2653.308000000022
192,24_229936_229635_6,Naive,0.021606512224075586,234904.11499475504,229936.0,24,0.0005267032832252128,229936,6,9.503611772650808,Complete,5.0971808433532715,4.03999475504753
193,24_229936_229635_6,DayTrading,-0.0215068540811358,224990.79999999996,229936.0,24,0.0005267032832252128,229936,6,9.503611772650808,Infeasible,105.65978717803955,5.129999999977883
194,24_229936_229635_6,Directional,0.021813221940018047,234951.645,229936.0,24,0.0005267032832252128,229936,6,9.503611772650808,Infeasible,35.94005465507507,1747.5199999999882
195,24_274078_270773_6,Naive,0.0106932697577337,277008.78998866014,274078.0,24,0.0001555932754848717,274078,6,6.171020946321986,Complete,5.142428636550903,0.31998866017102046
196,24_274078_270773_6,DayTrading,0.08913278335676447,298507.3349968553,274078.0,24,0.0001555932754848717,274078,6,6.171020946321986,Complete,120.53362774848938,0.7849968552591093
197,24_274078_270773_6,Directional,0.011617568721313106,277262.12000000005,274078.0,24,0.0001555932754848717,274078,6,6.171020946321986,Infeasible,18.06389808654785,4.389999999997201
198,24_281149_281069_4,Naive,0.0020337614442908934,281720.78999630094,281149.0,24,0.0002495990819076844,281149,4,5.788569818455319,Complete,5.1894426345825195,0.15999630092113648
199,24_281149_281069_4,DayTrading,0.16059448904243454,326299.9799997914,281149.0,24,0.0002495990819076844,281149,4,5.788569818455319,Complete,60.75390267372131,1.4699998638626113
200,24_281149_281069_4,Directional,0.0029173854433059703,281969.22000000003,281149.0,24,0.0002495990819076844,281149,4,5.788569818455319,Infeasible,20.533814668655396,63.31000000002646
201,24_331742_330406_5,Naive,-0.010198557915488654,328358.70999999996,331742.0,24,0.00024454652816654273,331742,5,9.905300740426238,Complete,5.223381519317627,0.14000000001760782
202,24_331742_330406_5,DayTrading,0.10754936064659831,367420.6399996238,331742.0,24,0.00024454652816654273,331742,5,9.905300740426238,Complete,104.64953184127808,0.05999372190988783
203,24_331742_330406_5,Directional,-0.004656992482109542,330197.08,331742.0,24,0.00024454652816654273,331742,5,9.905300740426238,Infeasible,64.86135029792786,97.00000000001421
204,24_43159_41962_6,Naive,0.052591347899918844,45428.7899840126,43159.0,24,0.00029480414808188087,43159,6,6.703905167823243,Complete,5.26943039894104,1.4999840126042727
205,24_43159_41962_6,DayTrading,0.22906531661994012,53045.229999999996,43159.0,24,0.00029480414808188087,43159,6,6.703905167823243,Complete,2511.911877632141,0.5099999999938518
206,24_43159_41962_6,Directional,0.051332514655112474,45374.46,43159.0,24,0.00029480414808188087,43159,6,6.703905167823243,Infeasible,237.10836744308472,0.6800000000018258
207,24_50600_48981_4,Naive,0.0765640312065492,54474.13997905139,50600.0,24,0.0003353760407120497,50600,4,9.703651750288069,Complete,5.3176610469818115,0.4399790513853077
208,24_50600_48981_4,DayTrading,0.5857053359683798,80236.69000000002,50600.0,24,0.0003353760407120497,50600,4,9.703651750288069,Complete,1074.3514635562897,0.6000000000209482
209,24_50600_48981_4,Directional,0.08807727272727285,55056.71000000001,50600.0,24,0.0003353760407120497,50600,4,9.703651750288069,Infeasible,528.0956885814667,409.33000000000135
210,25_141570_141307_5,Naive,0.014172776658357401,143576.43999152366,141570.0,25,0.0003620715249124846,141570,5,8.69619596812156,Complete,5.312654972076416,0.9899915236465517
211,25_141570_141307_5,DayTrading,0.1342446845952839,160575.01999815434,141570.0,25,0.0003620715249124846,141570,5,8.69619596812156,Complete,141.11077165603638,0.019997617488186403
212,25_141570_141307_5,Directional,0.01650208377481113,143906.2,141570.0,25,0.0003620715249124846,141570,5,8.69619596812156,Infeasible,32.22674918174744,667.6300000000165
213,25_148295_148287_2,Naive,0.0016968205266529866,148546.63,148295.0,25,0.0003831530587413393,148295,2,9.02709131948482,Complete,5.376303434371948,2.0399999999967804
214,25_148295_148287_2,DayTrading,0.010990660503667269,149924.85999939134,148295.0,25,0.0003831530587413393,148295,2,9.02709131948482,Complete,180.6207594871521,0.10999939134357994
215,25_148295_148287_2,Directional,0.006759836811760225,149297.44999999998,148295.0,25,0.0003831530587413393,148295,2,9.02709131948482,Infeasible,27.636510610580444,13.839999999994461
216,25_163781_163350_6,Naive,-0.003353441539121974,163231.76999128106,163781.0,25,0.00021146160926968776,163781,6,7.507678307240491,Complete,5.386471509933472,9.599991281038797
217,25_163781_163350_6,DayTrading,-0.052029478388824116,155259.56,163781.0,25,0.00021146160926968776,163781,6,7.507678307240491,Infeasible,165.1210904121399,7.400000000000026
218,25_163781_163350_6,Directional,-0.004997466128549653,162962.51,163781.0,25,0.00021146160926968776,163781,6,7.507678307240491,Infeasible,44.56063437461853,5590.780000000001
219,25_276958_273078_6,Naive,-0.07699098784286271,255634.72998901643,276958.0,25,0.00021534976325499562,276958,6,8.09526782611002,Complete,5.450657606124878,0.9899890164119824
220,25_276958_273078_6,DayTrading,0.06271322685579754,294326.929883528,276958.0,25,0.00021534976325499562,276958,6,8.09526782611002,Complete,236.9028422832489,2.9694672962412296
221,25_276958_273078_6,Directional,-0.0604773647989948,260208.31,276958.0,25,0.00021534976325499562,276958,6,8.09526782611002,Infeasible,14.085311651229858,17509.220000000016
222,25_32007_30469_9,Naive,-0.007617084483314952,31763.19997694254,32007.0,25,0.0002637585526197714,32007,9,9.853967519626273,Complete,5.446674823760986,2.4399769425453997
223,25_32007_30469_9,DayTrading,-0.020672977786108958,31345.32000000001,32007.0,25,0.0002637585526197714,32007,9,9.853967519626273,Complete,737.6665172576904,1.710000000014304
224,25_32007_30469_9,Directional,-0.01210391476864424,31619.590000000004,32007.0,25,0.0002637585526197714,32007,9,9.853967519626273,Infeasible,2189.4021661281586,107.9400000000013
225,25_34746_33665_4,Naive,-0.08392563241322983,31829.919976169916,34746.0,25,0.00025085127695289705,34746,4,7.73302248346529,Complete,5.47325873374939,0.5999761699163173
226,25_34746_33665_4,DayTrading,-0.10194036723651645,31203.98,34746.0,25,0.00025085127695289705,34746,4,7.73302248346529,Complete,2318.701995372772,0.2900000000008731
227,25_34746_33665_4,Directional,-0.06634979565993206,32440.61,34746.0,25,0.00025085127695289705,34746,4,7.73302248346529,Infeasible,398.84663462638855,3952.3300000000017
228,25_38296_38153_3,Naive,0.03438479171173283,39612.79998339252,38296.0,25,0.00014778670984053364,38296,3,8.128083599844231,Complete,5.420522451400757,0.18998339251953666
229,25_38296_38153_3,DayTrading,0.16529794231136696,44626.24999875611,38296.0,25,0.00014778670984053364,38296,3,8.128083599844231,Complete,1738.5926690101624,0.8599800033774985
230,25_38296_38153_3,Directional,0.027757207019009765,39358.99,38296.0,25,0.00014778670984053364,38296,3,8.128083599844231,Infeasible,657.0051913261414,2326.009999999998
231,25_47988_45826_9,Naive,-0.00929461591845197,47541.96997130533,47988.0,25,0.00026103353653774726,47988,9,9.18618776829548,Complete,5.4733991622924805,7.129971305329491
232,25_47988_45826_9,DayTrading,-0.11260315083731086,42584.399997619126,47988.0,25,0.00026103353653774726,47988,9,9.18618776829548,Infeasible,701.1379683017731,19.799947965154445
233,25_47988_45826_9,Directional,-0.026340335083770875,46723.98,47988.0,25,0.00026103353653774726,47988,9,9.18618776829548,Infeasible,523.762521982193,6191.930000000001
234,26_120623_118668_6,Naive,-0.005007585752021224,120018.96998383394,120623.0,26,0.000160602734696984,120623,6,9.483431633777696,Complete,5.4802844524383545,5.989983833932683
235,26_120623_118668_6,DayTrading,-0.08272054251676712,110645.0,120623.0,26,0.000160602734696984,120623,6,9.483431633777696,Infeasible,1202.7921414375305,12.5
236,26_120623_118668_6,Directional,-0.017138273795213217,118555.73,120623.0,26,0.000160602734696984,120623,6,9.483431633777696,Infeasible,115.36019802093506,10040.780000000004
237,26_170572_169624_8,Naive,-0.03943795007430088,163844.98997992635,170572.0,26,0.0003511550369372053,170572,8,7.018883699279441,Complete,5.5799880027771,0.18997992637514471
238,26_170572_169624_8,DayTrading,0.1955610533942333,203929.23999956116,170572.0,26,0.0003511550369372053,170572,8,7.018883699279441,Complete,187.4498007297516,0.3199996523407891
239,26_170572_169624_8,Directional,-0.029131862204816658,165602.92,170572.0,26,0.0003511550369372053,170572,8,7.018883699279441,Infeasible,29.151767015457153,1931.2600000000102
240,26_200922_200124_9,Naive,-0.02620738401255837,195656.35998942875,200922.0,26,0.0001817115976636263,200922,9,8.473125892139686,Complete,5.572457313537598,0.36998942873219676
241,26_200922_200124_9,DayTrading,-0.17478369717286463,165804.1099966337,200922.0,26,0.0001817115976636263,200922,9,8.473125892139686,Infeasible,367.8035409450531,0.3499955724264336
242,26_200922_200124_9,Directional,-0.02646867938802129,195603.86,200922.0,26,0.0001817115976636263,200922,9,8.473125892139686,Infeasible,107.81876754760742,6385.049999999995
243,26_225924_225467_2,Naive,-0.009687328493272694,223735.39999748586,225924.0,26,0.00015908119560818028,225924,2,7.117201637026165,Complete,5.612108469009399,22.53999748587364
244,26_225924_225467_2,DayTrading,0.03292863971955182,233363.37000000002,225924.0,26,0.00015908119560818028,225924,2,7.117201637026165,Complete,183.26562476158142,0.8999999999888644
245,26_225924_225467_2,Directional,-0.007977904073936342,224121.6,225924.0,26,0.00015908119560818028,225924,2,7.117201637026165,Infeasible,49.85076117515564,1716.730000000001
246,26_319189_317845_5,Naive,0.004727857147145783,320698.0799949403,319189.0,26,0.000345980034010221,319189,5,9.868331762996329,Complete,5.634084224700928,9.01999494034294
247,26_319189_317845_5,DayTrading,-0.14857892972513112,271764.2399999651,319189.0,26,0.000345980034010221,319189,5,9.868331762996329,Infeasible,168.65749859809875,0.3299999651612092
248,26_319189_317845_5,Directional,0.0028811456535158255,320108.63000000006,319189.0,26,0.000345980034010221,319189,5,9.868331762996329,Infeasible,23.53600287437439,12036.740000000043
249,26_322815_322399_6,Naive,0.02150817029975756,329758.15999531624,322815.0,26,0.00021769576402053687,322815,6,8.339174507516132,Complete,5.6576828956604,0.96999531623851
250,26_322815_322399_6,DayTrading,0.03257416786704475,333330.43000000005,322815.0,26,0.00021769576402053687,322815,6,8.339174507516132,Complete,96.26175808906555,0.15999999998894054
251,26_322815_322399_6,Directional,0.021019686197977262,329600.47000000003,322815.0,26,0.00021769576402053687,322815,6,8.339174507516132,Infeasible,15.179794549942017,10570.520000000039
252,26_35848_35261_7,Naive,-0.013914585563131184,35349.18993673287,35848.0,26,0.0001663067641107933,35848,7,5.8775867802705655,Complete,5.705129623413086,3.06993673287036
253,26_35848_35261_7,DayTrading,0.019950903789483946,36563.19999904542,35848.0,26,0.0001663067641107933,35848,7,5.8775867802705655,Complete,2949.993818283081,0.6699990454260902
254,26_35848_35261_7,Directional,-0.0031120285650525817,35736.439999999995,35848.0,26,0.0001663067641107933,35848,7,5.8775867802705655,Infeasible,227.8374400138855,4146.2599999999975
255,26_42007_41260_3,Naive,0.06285761866734699,44647.459987359245,42007.0,26,0.0002425472799276103,42007,3,6.831733375637602,Complete,5.725373268127441,1.3099873592424274
256,26_42007_41260_3,DayTrading,0.15532077985598983,48531.559999410565,42007.0,26,0.0002425472799276103,42007,3,6.831733375637602,Complete,1131.5815405845642,1.799987003300977
257,26_42007_41260_3,Directional,0.07225914728497612,45042.38999999999,42007.0,26,0.0002425472799276103,42007,3,6.831733375637602,Infeasible,2836.4719593524933,689.9699999999953
258,27_111153_110790_5,Naive,0.00012478293942349932,111166.86999806574,111153.0,27,0.0005481999883321429,111153,5,6.979245281423815,Complete,5.7613043785095215,0.5499980657364176
259,27_111153_110790_5,DayTrading,0.3595000584770506,151112.5099998996,111153.0,27,0.0005481999883321429,111153,5,6.979245281423815,Complete,153.47125887870789,0.29999989964159823
260,27_111153_110790_5,Directional,0.0021581063938895455,111392.88,111153.0,27,0.0005481999883321429,111153,5,6.979245281423815,Infeasible,60.75268864631653,4389.160000000005
261,27_116840_116089_9,Naive,0.038712256076686186,121363.14000000001,116840.0,27,0.00018580463610301222,116840,9,6.435299563842824,Complete,5.958564281463623,2.6100000000192267
262,27_116840_116089_9,DayTrading,-0.012939489900718732,115328.15000000002,116840.0,27,0.00018580463610301222,116840,9,6.435299563842824,Infeasible,477.014365196228,16.600000000034925
263,27_116840_116089_9,Directional,0.03927832933926749,121429.28000000001,116840.0,27,0.00018580463610301222,116840,9,6.435299563842824,Infeasible,1651.0031523704529,4385.180000000016
264,27_138735_137949_3,Naive,0.049712185060567175,145631.8199943778,138735.0,27,0.0002434937623757047,138735,3,7.912752293058181,Complete,5.859567165374756,0.289994377776452
265,27_138735_137949_3,DayTrading,-0.018482863012217125,136170.78000000006,138735.0,27,0.0002434937623757047,138735,3,7.912752293058181,Infeasible,99.03045916557312,11.220000000059372
266,27_138735_137949_3,Directional,0.05226939849353084,145986.595,138735.0,27,0.0002434937623757047,138735,3,7.912752293058181,Infeasible,43.624804735183716,7552.745000000006
267,27_269501_267827_9,Naive,-0.007073090689059429,267594.7949862078,269501.0,27,0.0001873403718178378,269501,9,9.110317199093604,Complete,5.858901023864746,1.1099862078244769
268,27_269501_267827_9,DayTrading,0.02928894512450776,277394.39999999997,269501.0,27,0.0001873403718178378,269501,9,9.110317199093604,Complete,139.72137069702148,1.5749999999771873
269,27_269501_267827_9,Directional,-0.00657728542751219,267728.41500000004,269501.0,27,0.0001873403718178378,269501,9,9.110317199093604,Infeasible,143.09453320503235,3923.5099999999843
270,27_306192_304643_3,Naive,-0.02943720900611368,297178.56210000004,306192.0,27,0.00023902845972761862,306192,3,6.686212522072707,Complete,5.874342203140259,0.7800000000402179
271,27_306192_304643_3,DayTrading,-0.12865436229555352,266799.0634999999,306192.0,27,0.00023902845972761862,306192,3,6.686212522072707,Infeasible,148.9685366153717,2.002099999866914
272,27_306192_304643_3,Directional,-0.027434053143125782,297791.91240000003,306192.0,27,0.00023902845972761862,306192,3,6.686212522072707,Infeasible,26.869115591049194,1258.3500000000363
273,27_67864_67622_2,Naive,0.04012878698573579,70587.29999999997,67864.0,27,0.0001977285461881901,67864,2,6.874754655656636,Complete,5.964871406555176,2.469999999993604
274,27_67864_67622_2,DayTrading,-0.040128934339266946,65140.68999999999,67864.0,27,0.0001977285461881901,67864,2,6.874754655656636,Infeasible,228.46296858787537,5.739999999990687
275,27_67864_67622_2,Directional,0.024787074148296295,69546.14999999998,67864.0,27,0.0001977285461881901,67864,2,6.874754655656636,Infeasible,866.551577091217,336.32999999999396
276,28_110627_109787_4,Naive,0.07898171323834378,119364.50999041826,110627.0,28,0.00018773508142598753,110627,4,8.736907908260008,Complete,5.9916040897369385,0.4099904182563705
277,28_110627_109787_4,DayTrading,0.1343759660842291,125492.61000000002,110627.0,28,0.00018773508142598753,110627,4,8.736907908260008,Complete,1927.2018585205078,1.1100000000152281
278,28_110627_109787_4,Directional,0.07965505708371375,119439.0,110627.0,28,0.00018773508142598753,110627,4,8.736907908260008,Infeasible,530.4439771175385,960.3699999999989
279,28_120291_119357_6,Naive,-0.0022172066964609334,120024.28998927602,120291.0,28,0.0003552239623313856,120291,6,8.575291962711992,Complete,5.8571953773498535,0.3499892760160037
280,28_120291_119357_6,DayTrading,-0.03738110084642773,115794.38999808236,120291.0,28,0.0003552239623313856,120291,6,8.575291962711992,Infeasible,118.32411360740662,11.619995848382676
281,28_120291_119357_6,Directional,0.0032328270610436746,120679.88,120291.0,28,0.0003552239623313856,120291,6,8.575291962711992,Infeasible,127.01305079460144,3366.1400000000044
282,28_151092_151077_2,Naive,0.060554595875360724,160241.315,151092.0,28,0.0003808285976144367,151092,2,9.522268825411443,Complete,5.955276966094971,0.7849999999994282
283,28_151092_151077_2,DayTrading,-0.08436012495756051,138345.85999991227,151092.0,28,0.0003808285976144367,151092,2,9.522268825411443,Infeasible,84.95108246803284,2.479999975911888
284,28_151092_151077_2,Directional,0.060095273078654116,160171.915,151092.0,28,0.0003808285976144367,151092,2,9.522268825411443,Infeasible,33.84797239303589,10771.245000000003
285,28_239838_239252_3,Naive,0.027119013667558988,246342.17,239838.0,28,0.0001707253005500791,239838,3,9.439994631921643,Complete,5.995206594467163,3.9800000000195723
286,28_239838_239252_3,DayTrading,0.016265562584503342,243739.0999991421,239838.0,28,0.0001707253005500791,239838,3,9.439994631921643,Infeasible,188.75911402702332,14.179998423173494
287,28_239838_239252_3,Directional,0.0240870921205148,245615.00000000003,239838.0,28,0.0001707253005500791,239838,3,9.439994631921643,Infeasible,27.504279136657715,2.9100000000194086
288,28_250580_249271_6,Naive,0.0405676030791578,260745.42997957536,250580.0,28,0.00031477823185730765,250580,6,6.891716300526245,Complete,6.0334272384643555,7.679979575370226
289,28_250580_249271_6,DayTrading,0.17603867016575872,294691.7699701358,250580.0,28,0.00031477823185730765,250580,6,6.891716300526245,Complete,144.9468789100647,1.0199701358469895
290,28_250580_249271_6,Directional,0.03439232979487577,259198.02999999997,250580.0,28,0.00031477823185730765,250580,6,6.891716300526245,Infeasible,100.09970188140869,26690.459999999992
291,28_255295_255211_4,Naive,-0.027167512121715524,248359.26999288664,255295.0,28,0.0005214350617463913,255295,4,8.271427322570366,Complete,6.098575115203857,0.7499928866498493
292,28_255295_255211_4,DayTrading,-0.031109814136705733,247352.8199999697,255295.0,28,0.0005214350617463913,255295,4,8.271427322570366,Infeasible,112.3566644191742,1.6199999697324934
293,28_255295_255211_4,Directional,-0.026321157876182468,248575.34,255295.0,28,0.0005214350617463913,255295,4,8.271427322570366,Infeasible,18.74520468711853,11.6799999999904
294,28_291282_290784_6,Naive,-0.009295013090645017,288574.52999693074,291282.0,28,0.00025030974671994845,291282,6,9.167668665117377,Complete,6.0115392208099365,3.1999969308070035
295,28_291282_290784_6,DayTrading,-0.11732753827222807,257106.59999698887,291282.0,28,0.00025030974671994845,291282,6,9.167668665117377,Infeasible,141.529953956604,9.619959204510295
296,28_291282_290784_6,Directional,-0.010388077533112194,288256.14,291282.0,28,0.00025030974671994845,291282,6,9.167668665117377,Infeasible,28.300079822540283,8741.479999999998
297,28_63023_62684_3,Naive,0.006278342439749795,63418.67997558035,63023.0,28,0.00023990097380899446,63023,3,8.838490993813632,Complete,6.173929929733276,0.6099755803488733
298,28_63023_62684_3,DayTrading,0.008400107901209855,63552.40000025795,63023.0,28,0.00023990097380899446,63023,3,8.838490993813632,Complete,547.2411799430847,0.16998697443419708
299,28_63023_62684_3,Directional,0.00038382812623966375,63047.19,63023.0,28,0.00023990097380899446,63023,3,8.838490993813632,Infeasible,745.655839920044,5.310000000000855
300,28_78940_77433_3,Naive,0.03960045584373619,82066.05998430453,78940.0,28,0.0003153551699797752,78940,3,5.894527749057647,Complete,6.150512933731079,0.4199843045389571
301,28_78940_77433_3,DayTrading,-0.05881074237600586,74297.4799968381,78940.0,28,0.0003153551699797752,78940,3,5.894527749057647,Infeasible,334.7627594470978,7.55999644375108
302,28_78940_77433_3,Directional,0.03878173296174319,82001.43000000001,78940.0,28,0.0003153551699797752,78940,3,5.894527749057647,Infeasible,698.5272347927094,1.5500000000074579
303,29_159592_157435_4,Naive,0.00395333091959335,160222.91998811974,159592.0,29,0.00019327620767477273,159592,4,9.029988465403624,Complete,6.169226408004761,2.5899881197242394
304,29_159592_157435_4,DayTrading,-0.1966846082510402,128202.70999999999,159592.0,29,0.00019327620767477273,159592,4,9.029988465403624,Infeasible,157.8194968700409,5.449999999982538
305,29_159592_157435_4,Directional,-0.0004920672715424259,159513.47,159592.0,29,0.00019327620767477273,159592,4,9.029988465403624,Infeasible,88.5767912864685,8748.62000000002
306,29_182484_181962_3,Naive,0.029438526077718838,187856.05999276644,182484.0,29,0.00031145665209131383,182484,3,8.170557049987423,Complete,6.137500286102295,2.7199927664893266
307,29_182484_181962_3,DayTrading,0.22254937419096682,223095.6999998644,182484.0,29,0.00031145665209131383,182484,3,8.170557049987423,Complete,196.41595554351807,0.18994877020745626
308,29_182484_181962_3,Directional,0.03164863768878365,188259.37,182484.0,29,0.00031145665209131383,182484,3,8.170557049987423,Infeasible,54.02657961845398,1526.8600000000001
309,29_184692_183436_7,Naive,0.04832366848666911,193616.9949801399,184692.0,29,0.00015039408635362622,184692,7,6.935055861888101,Complete,6.278718948364258,41.93998013990631
310,29_184692_183436_7,DayTrading,0.05148577090084924,194201.00999921965,184692.0,29,0.00015039408635362622,184692,7,6.935055861888101,Complete,148.09648609161377,1.3749992196858813
311,29_184692_183436_7,Directional,0.049549547354514535,193843.405,184692.0,29,0.00015039408635362622,184692,7,6.935055861888101,Infeasible,220.64900994300842,41.47999999999956
312,29_260856_259448_9,Naive,0.05959216957496772,276400.9749866478,260856.0,29,0.000158317173958041,260856,9,6.809878131913051,Complete,6.264883518218994,0.8111866478145657
313,29_260856_259448_9,DayTrading,0.28981412426688674,336455.753199763,260856.0,29,0.000158317173958041,260856,9,6.809878131913051,Complete,105.78796076774597,0.11939988149642478
314,29_260856_259448_9,Directional,0.0598650899346766,276472.1679,260856.0,29,0.000158317173958041,260856,9,6.809878131913051,Infeasible,77.50756597518921,1970.6641000000084
315,29_280677_278794_7,Naive,0.053552161381231755,295707.86,280677.0,29,0.00010451810439731793,280677,7,7.820286233252511,Complete,6.2494378089904785,3.3200000000360887
316,29_280677_278794_7,DayTrading,-0.001291876579536695,280314.3999572854,280677.0,29,0.00010451810439731793,280677,7,7.820286233252511,Infeasible,213.2448570728302,5.999957537032936
317,29_280677_278794_7,Directional,0.05119051436348564,295045.00000000006,280677.0,29,0.00010451810439731793,280677,7,7.820286233252511,Infeasible,64.70207619667053,7534.480000000035
318,29_314177_314151_9,Naive,0.05369482804307251,331046.6799900884,314177.0,29,0.0001508122487142832,314177,9,7.653260650504473,Complete,6.222750425338745,0.3799900883735319
319,29_314177_314151_9,DayTrading,0.28685177463066835,404299.2299981395,314177.0,29,0.0001508122487142832,314177,9,7.653260650504473,Complete,203.42311668395996,0.4900013504830687
320,29_314177_314151_9,Directional,0.05510842614195179,331490.8,314177.0,29,0.0001508122487142832,314177,9,7.653260650504473,Infeasible,89.65753698348999,39.93999999998323
321,29_333288_332951_8,Naive,0.028595779025947544,342818.63,333288.0,29,0.0002732890602348616,333288,8,8.002684366483939,Complete,6.340353727340698,0.20000000003710738
322,29_333288_332951_8,DayTrading,0.08485811070657842,361570.1900011741,333288.0,29,0.0002732890602348616,333288,8,8.002684366483939,Complete,108.43845582008362,0.18000117411532202
323,29_333288_332951_8,Directional,0.029020606802525235,342960.22000000003,333288.0,29,0.0002732890602348616,333288,8,8.002684366483939,Infeasible,55.07603740692139,5.960000000040907
324,30_108834_107399_9,Naive,0.04738197590913834,113990.76996609516,108834.0,30,0.0002940848496130145,108834,9,7.297405277492062,Complete,6.313537120819092,1.7699660951655005
325,30_108834_107399_9,DayTrading,0.16392414135288663,126674.52000000006,108834.0,30,0.0002940848496130145,108834,9,7.297405277492062,Complete,130.99406552314758,0.01000000004628987
326,30_108834_107399_9,Directional,0.04738317070033283,113990.90000000002,108834.0,30,0.0002940848496130145,108834,9,7.297405277492062,Infeasible,272.4148015975952,10944.170000000007
327,30_120921_120014_9,Naive,-0.015287322454600695,119072.44168146723,120921.0,30,0.00011748550660747841,120921,9,4.669964060090011,Complete,6.2588791847229,0.22168146723549853
328,30_120921_120014_9,DayTrading,0.015263767221235708,122766.70999615904,120921.0,30,0.00011748550660747841,120921,9,4.669964060090011,Complete,313.3819770812988,0.3849961590691686
329,30_120921_120014_9,Directional,-0.013175781708718852,119327.77130000001,120921.0,30,0.00011748550660747841,120921,9,4.669964060090011,Infeasible,1119.531532049179,24.421299999996563
330,30_176653_176505_3,Naive,0.005343837919537033,177597.00499999998,176653.0,30,0.0004953892710027015,176653,3,6.860784204327575,Complete,6.30542778968811,0.7149999999937791
331,30_176653_176505_3,DayTrading,0.07216254464529548,189400.72999922538,176653.0,30,0.0004953892710027015,176653,3,6.860784204327575,Complete,210.23227834701538,0.7799992253685666
332,30_176653_176505_3,Directional,0.011665553372996641,178713.75499999998,176653.0,30,0.0004953892710027015,176653,3,6.860784204327575,Infeasible,23.141584873199463,7421.3349999999855
333,30_327084_326119_5,Naive,0.031443757545084536,337368.74999287643,327084.0,30,0.0003082078930191927,327084,5,8.00954320250944,Complete,6.327622652053833,0.40999287644979177
334,30_327084_326119_5,DayTrading,-0.013742005248182353,322589.2099554035,327084.0,30,0.0003082078930191927,327084,5,8.00954320250944,Infeasible,156.25469779968262,4.209936553101709
335,30_327084_326119_5,Directional,0.02825430164728335,336325.53,327084.0,30,0.0003082078930191927,327084,5,8.00954320250944,Infeasible,133.57819485664368,59.290000000013265
336,30_339081_337059_6,Naive,-0.013280248682322242,334577.9199965495,339081.0,30,0.00016341662626127425,339081,6,9.602912112340144,Complete,6.430017471313477,7.309996549521657
337,30_339081_337059_6,DayTrading,-0.04796433595657575,322817.20499950834,339081.0,30,0.00016341662626127425,339081,6,9.602912112340144,Infeasible,443.9262397289276,1.754999679896068
338,30_339081_337059_6,Directional,-0.011465136648765297,335193.39,339081.0,30,0.00016341662626127425,339081,6,9.602912112340144,Infeasible,50.0792670249939,5186.14000000002
339,30_80034_78838_2,Naive,-0.01723692441051899,78654.45999172852,80034.0,30,0.000214585996950114,80034,2,5.589679557902216,Complete,6.451328277587891,3.889991728519817
340,30_80034_78838_2,DayTrading,-0.1520533773146413,67864.56,80034.0,30,0.000214585996950114,80034,2,5.589679557902216,Infeasible,309.51435804367065,0.819999999992433
341,30_80034_78838_2,Directional,-0.02146175375465425,78316.33,80034.0,30,0.000214585996950114,80034,2,5.589679557902216,Infeasible,82.79156732559204,153.16000000000355
342,30_83897_83001_8,Naive,0.06916206733940913,89699.48996357441,83897.0,30,0.00037329568901784706,83897,8,8.850206424723298,Complete,6.583507299423218,1.789963574395074
343,30_83897_83001_8,DayTrading,0.0514330667365937,88212.08,83897.0,30,0.00037329568901784706,83897,8,8.850206424723298,Complete,405.49355363845825,2.060000000024047
344,30_83897_83001_8,Directional,0.0854334481566683,91064.61,83897.0,30,0.00037329568901784706,83897,8,8.850206424723298,Infeasible,771.6252477169037,9.560000000010717
345,30_97639_97587_3,Naive,-0.025991816945567067,95101.18498525178,97639.0,30,0.00018139860900766874,97639,3,6.849902712729229,Complete,6.555681228637695,1.3149852517881158
346,30_97639_97587_3,DayTrading,-0.014694998925533857,96204.1949999098,97639.0,30,0.00018139860900766874,97639,3,6.849902712729229,Complete,329.96317625045776,0.2549999098107758
347,30_97639_97587_3,Directional,-0.02888891733835877,94818.31499999999,97639.0,30,0.00018139860900766874,97639,3,6.849902712729229,Infeasible,72.927325963974,3013.034999999989
348,31_116789_116594_8,Naive,0.0018969891257755115,117010.5474630102,116789.0,31,0.0002135349498243429,116789,8,6.730173770224139,Complete,6.592771291732788,5.249963010217243
349,31_116789_116594_8,DayTrading,0.09446825042057115,127821.85249836808,116789.0,31,0.0002135349498243429,116789,8,6.730173770224139,Complete,397.1647515296936,0.2349986321171631
350,31_116789_116594_8,Directional,0.01084800366472862,118055.92749999999,116789.0,31,0.0002135349498243429,116789,8,6.730173770224139,Infeasible,161.64817929267883,14.349999999997124
351,31_176055_175053_7,Naive,0.010513191782144021,177905.89997920537,176055.0,31,0.00015419729707445855,176055,7,8.751324038890921,Complete,6.5005035400390625,3.579979205361269
352,31_176055_175053_7,DayTrading,0.07588304791121817,189414.5900000095,176055.0,31,0.00015419729707445855,176055,7,8.751324038890921,Complete,332.65408515930176,0.319966718513518
353,31_176055_175053_7,Directional,-0.005363891965578919,175110.66,176055.0,31,0.00015419729707445855,176055,7,8.751324038890921,Infeasible,530.5079255104065,990.6199999999988
354,31_176359_173994_5,Naive,-0.014773388459551383,173753.57998466198,176359.0,31,0.00010828322101537039,176359,5,7.292267001964067,Complete,6.632415056228638,2.4999846619584787
355,31_176359_173994_5,DayTrading,0.01523483349139808,179045.79999970947,176359.0,31,0.00010828322101537039,176359,5,7.292267001964067,Complete,321.35507798194885,0.3199997768456555
356,31_176359_173994_5,Directional,-0.012904870179576965,174083.11,176359.0,31,0.00010828322101537039,176359,5,7.292267001964067,Infeasible,136.8907070159912,24166.53999999999
357,31_240451_240087_9,Naive,-0.05377128817275308,227521.63998757335,240451.0,31,0.0005297072725543231,240451,9,8.959016066989243,Complete,6.635898113250732,0.4799875733532417
358,31_240451_240087_9,DayTrading,-0.07919858941290873,221407.61997707668,240451.0,31,0.0005297072725543231,240451,9,8.959016066989243,Infeasible,189.56509828567505,8.949977076658758
359,31_240451_240087_9,Directional,-0.050964728780499936,228196.48,240451.0,31,0.0005297072725543231,240451,9,8.959016066989243,Infeasible,328.59163999557495,22.370000000001312
360,31_247278_245945_9,Naive,0.0464143190472613,258755.23998536868,247278.0,31,0.00019163067294260112,247278,9,9.36874796794333,Complete,6.673341989517212,0.31998536865853566
361,31_247278_245945_9,DayTrading,0.1167128495054148,276138.51999999996,247278.0,31,0.00019163067294260112,247278,9,9.36874796794333,Complete,154.94514107704163,0.06999999995150574
362,31_247278_245945_9,Directional,0.04548847855450137,258526.3,247278.0,31,0.00019163067294260112,247278,9,9.36874796794333,Infeasible,47.63353514671326,12701.279999999968
363,31_289100_288669_5,Naive,0.0005225181598062874,289251.06,289100.0,31,0.00043319377037662497,289100,5,9.549754052876105,Complete,6.664038896560669,0.35000000002082743
364,31_289100_288669_5,DayTrading,0.12150093393289534,324225.92000000004,289100.0,31,0.00043319377037662497,289100,5,9.549754052876105,Complete,182.34198880195618,0.17999999995452498
365,31_289100_288669_5,Directional,0.0004719820131444824,289236.45000000007,289100.0,31,0.00043319377037662497,289100,5,9.549754052876105,Infeasible,64.66298031806946,2968.9700000000207
366,31_44941_44633_7,Naive,-0.013350949916246368,44340.99495981397,44941.0,31,0.00013069390535423597,44941,7,9.240561888773637,Complete,6.659101486206055,0.9449598139791533
367,31_44941_44633_7,DayTrading,-0.04408057231211268,42959.974999721344,44941.0,31,0.00013069390535423597,44941,7,9.240561888773637,Infeasible,1419.5072412490845,2.284950810729082
368,31_44941_44633_7,Directional,-0.019588905453817414,44060.65499999999,44941.0,31,0.00013069390535423597,44941,7,9.240561888773637,Infeasible,2059.2272367477417,1.0649999999932334
369,31_56489_55450_9,Naive,-0.010568252840950082,55892.00996526757,56489.0,31,0.0002731806969555231,56489,9,7.1267334533014575,Complete,6.741421461105347,0.6899652675720063
370,31_56489_55450_9,DayTrading,-0.00840995592324517,56013.9299998518,56489.0,31,0.0002731806969555231,56489,9,7.1267334533014575,Complete,653.2008230686188,0.8799998517902772
371,31_56489_55450_9,Directional,-0.014590805289525544,55664.77999999999,56489.0,31,0.0002731806969555231,56489,9,7.1267334533014575,Infeasible,230.15426635742188,3475.669999999994
372,31_77142_77015_8,Naive,-0.05529620739281622,72876.33996930337,77142.0,31,0.00019798089793158637,77142,8,8.06331063165061,Complete,6.75863242149353,1.3699693033636606
373,31_77142_77015_8,DayTrading,-0.047812734956314266,73453.63,77142.0,31,0.00019798089793158637,77142,8,8.06331063165061,Complete,1063.3069627285004,0.08999999999072372
374,31_77142_77015_8,Directional,-0.034401622980996055,74488.19,77142.0,31,0.00019798089793158637,77142,8,8.06331063165061,Infeasible,396.43671894073486,1.51999999999407
375,31_92830_91987_3,Naive,-0.0193003341039091,91038.34998513412,92830.0,31,0.00016759639045770252,92830,3,8.59016499168368,Complete,6.807289123535156,2.5299851341184194
376,31_92830_91987_3,DayTrading,-0.24124291716144117,70435.41999990342,92830.0,31,0.00016759639045770252,92830,3,8.59016499168368,Infeasible,495.25297474861145,1.9099997664182695
377,31_92830_91987_3,Directional,-0.0232140471830228,90675.04,92830.0,31,0.00016759639045770252,92830,3,8.59016499168368,Infeasible,168.135910987854,5475.669999999998
378,32_149316_147195_4,Naive,-0.0058891881138204505,148436.6499875968,149316.0,32,0.0001761123623211097,149316,4,8.169552652697872,Complete,6.887279033660889,0.7599875967603111
379,32_149316_147195_4,DayTrading,0.03315163812175657,154266.0699977882,149316.0,32,0.0001761123623211097,149316,4,8.169552652697872,Complete,180.9625108242035,0.699997788220263
380,32_149316_147195_4,Directional,0.004180261994695766,149940.18,149316.0,32,0.0001761123623211097,149316,4,8.169552652697872,Infeasible,397.0771598815918,0.22999999998290832
381,32_154198_153215_6,Naive,-0.01609910645835614,151715.5499823344,154198.0,32,0.0004957695287532361,154198,6,7.449573194775109,Complete,6.876889944076538,18.309982334396068
382,32_154198_153215_6,DayTrading,0.048999338512821025,161753.59999999998,154198.0,32,0.0004957695287532361,154198,6,7.449573194775109,Complete,416.76489996910095,0.05999999998266503
383,32_154198_153215_6,Directional,-0.018097316437307734,151407.43000000002,154198.0,32,0.0004957695287532361,154198,6,7.449573194775109,Infeasible,347.8954062461853,670.8399999999954
384,32_180887_179045_2,Naive,-0.01161697635724501,178785.63999766702,180887.0,32,0.00039902127220943,180887,2,8.924185215383632,Complete,6.878936290740967,0.15999766705135698
385,32_180887_179045_2,DayTrading,0.017833785465473182,184112.89995149305,180887.0,32,0.00039902127220943,180887,2,8.924185215383632,Complete,138.20233964920044,2.7799535445366685
386,32_180887_179045_2,Directional,-0.008454338896659072,179357.72000000003,180887.0,32,0.00039902127220943,180887,2,8.924185215383632,Infeasible,39.47422194480896,9651.82000000001
387,32_218911_218279_6,Naive,0.04197874928715092,228100.6099851995,218911.0,32,0.0002662150640141146,218911,6,9.095671045362048,Complete,6.825441360473633,1.289985199484363
388,32_218911_218279_6,DayTrading,0.443708714955549,316043.7184996342,218911.0,32,0.0002662150640141146,218911,6,9.095671045362048,Complete,90.43672609329224,0.13849963416050426
389,32_218911_218279_6,Directional,0.045213854032003994,228808.81000000003,218911.0,32,0.0002662150640141146,218911,6,9.095671045362048,Infeasible,19.984267950057983,9307.51000000002
390,32_219476_218715_6,Naive,0.005507663650807518,220684.79998742463,219476.0,32,0.00024198146282551798,219476,6,8.71016119310135,Complete,6.939347982406616,0.1349874245954652
391,32_219476_218715_6,DayTrading,-0.10611237675189983,196186.88000000003,219476.0,32,0.00024198146282551798,219476,6,8.71016119310135,Infeasible,146.1174874305725,0.08000000001629815
392,32_219476_218715_6,Directional,0.0019083635568353555,219894.84,219476.0,32,0.00024198146282551798,219476,6,8.71016119310135,Infeasible,43.73186922073364,27193.695000000003
393,32_262263_260226_7,Naive,-0.009526391483696656,259764.57999031126,262263.0,32,0.00023249638541971131,262263,7,7.779621567417451,Complete,6.924367904663086,2.289990311253405
394,32_262263_260226_7,DayTrading,0.2069995005008584,316551.30999985663,262263.0,32,0.00023249638541971131,262263,7,7.779621567417451,Complete,150.9481885433197,0.10999985671337242
395,32_262263_260226_7,Directional,-0.005641245619855065,260783.50999999995,262263.0,32,0.00023249638541971131,262263,7,7.779621567417451,Infeasible,79.36871027946472,1.9899999999906524
396,32_273589_272790_5,Naive,-0.036487590172129554,263606.39669239725,273589.0,32,0.0005574936296400907,273589,5,9.41346366135036,Complete,6.979542016983032,1.069992397295664
397,32_273589_272790_5,DayTrading,0.11569573338078999,305242.07999991695,273589.0,32,0.0005574936296400907,273589,5,9.41346366135036,Complete,246.40134501457214,0.04329991695481361
398,32_273589_272790_5,Directional,-0.03214443307296721,264794.6367,273589.0,32,0.0005574936296400907,273589,5,9.41346366135036,Infeasible,400.4917757511139,150.27999999994427
399,32_317439_315903_8,Naive,0.008393817325847612,320103.52497809974,317439.0,32,0.00013871032152016924,317439,8,9.430976908001389,Complete,7.034025430679321,0.8349780997539256
400,32_317439_315903_8,DayTrading,-0.05492283554468124,300004.35000753193,317439.0,32,0.00013871032152016924,317439,8,9.430976908001389,Infeasible,240.75289964675903,8.160007532376678
401,32_317439_315903_8,Directional,0.004869502487092067,318984.77,317439.0,32,0.00013871032152016924,317439,8,9.430976908001389,Infeasible,70.61193656921387,53.08000000001921
402,32_336250_335373_2,Naive,0.013738111524163576,340869.44,336250.0,32,0.0001594435433532791,336250,2,7.259905229851754,Complete,7.014214515686035,1.22000000000844
403,32_336250_335373_2,DayTrading,0.03509592564953629,348051.0049996566,336250.0,32,0.0001594435433532791,336250,2,7.259905229851754,Complete,135.42874932289124,0.4249996566608374
404,32_336250_335373_2,Directional,0.01086568029739766,339903.58499999996,336250.0,32,0.0001594435433532791,336250,2,7.259905229851754,Infeasible,25.859177350997925,9870.245000000014
405,32_50294_50039_9,Naive,0.09156837703754357,54899.339954726216,50294.0,32,0.00044022143342154353,50294,9,9.22262544479687,Complete,7.040524005889893,0.749954726213673
406,32_50294_50039_9,DayTrading,0.3929335507015898,70056.19999898576,50294.0,32,0.00044022143342154353,50294,9,9.22262544479687,Complete,2352.958836555481,1.469998985759379
407,32_50294_50039_9,Directional,0.1182184753648548,56239.68000000001,50294.0,32,0.00044022143342154353,50294,9,9.22262544479687,Infeasible,2187.7083525657654,4584.430000000004
408,32_63159_63146_2,Naive,0.049599265091493115,66291.63998391361,63159.0,32,0.00016726171817230893,63159,2,5.715816211248733,Complete,7.091626167297363,2.329983913609265
409,32_63159_63146_2,DayTrading,0.17188690447846455,74015.20499995534,63159.0,32,0.00016726171817230893,63159,2,5.715816211248733,Complete,403.87620282173157,0.04999807702273351
410,32_63159_63146_2,Directional,0.04386508652765252,65929.475,63159.0,32,0.00016726171817230893,63159,2,5.715816211248733,Infeasible,904.5991735458374,1702.1600000000014
411,32_72925_72696_8,Naive,-0.021343092679855135,71368.55496632156,72925.0,32,0.00020937482058199628,72925,8,7.592843717257934,Complete,7.060755252838135,1.729966321562415
412,32_72925_72696_8,DayTrading,0.088284127505154,79363.11999831336,72925.0,32,0.00020937482058199628,72925,8,7.592843717257934,Complete,1321.8742280006409,0.8549983133392409
413,32_72925_72696_8,Directional,-0.016948234487487106,71689.05,72925.0,32,0.00020937482058199628,72925,8,7.592843717257934,Infeasible,544.9746372699738,420.92000000000183
414,32_84192_83968_9,Naive,0.038354831166721615,87421.16994558863,84192.0,32,0.0003311827371822102,84192,9,6.819209043181959,Complete,7.177543878555298,5.149945588643675
415,32_84192_83968_9,DayTrading,0.08194531545542172,91091.13999882287,84192.0,32,0.0003311827371822102,84192,9,6.819209043181959,Complete,795.7546014785767,0.18999882284506597
416,32_84192_83968_9,Directional,0.03666607278601281,87278.98999999999,84192.0,32,0.0003311827371822102,84192,9,6.819209043181959,Infeasible,2177.9298980236053,981.0899999999892
417,33_139219_137615_5,Naive,0.046715110579848756,145722.63097981596,139219.0,33,0.00015092048472645347,139219,5,9.36433065504617,Complete,7.198815584182739,3.600979815962546
418,33_139219_137615_5,DayTrading,0.06465784124246013,148220.59999993406,139219.0,33,0.00015092048472645347,139219,5,9.36433065504617,Complete,233.038019657135,1.8699999340620614
419,33_139219_137615_5,Directional,0.052582844295677944,146539.531,139219.0,33,0.00015092048472645347,139219,5,9.36433065504617,Infeasible,160.97249269485474,3989.400999999987
420,33_259939_259608_4,Naive,0.04447885847921777,271500.7899942294,259939.0,33,0.0002535329947939851,259939,4,7.864423209151342,Complete,7.146421432495117,0.8899942294494849
421,33_259939_259608_4,DayTrading,0.172188321000793,304697.45997262513,259939.0,33,0.0002535329947939851,259939,4,7.864423209151342,Complete,149.2418818473816,0.4699726251992189
422,33_259939_259608_4,Directional,0.04462720099715716,271539.35000000003,259939.0,33,0.0002535329947939851,259939,4,7.864423209151342,Infeasible,92.30911612510681,14443.120000000032
